INSERT INTO member (member_no,first_name,last_name,join_date) VALUES (001,'Nathaniel','Steers','2017-02-06');
INSERT INTO member (member_no,first_name,last_name,join_date) VALUES (11001,'Jack','Brown','2017-02-02');
INSERT INTO member (member_no,first_name,last_name,join_date) VALUES (11009,'James','White','2017-01-19');
INSERT INTO member (member_no,first_name,last_name,join_date) VALUES (11014,'Barbara','Jones','2017-01-19');
INSERT INTO member (member_no,first_name,last_name,join_date) VALUES (11022,'Fred','Johnson','2017-01-19');
INSERT INTO member (member_no,first_name,last_name,join_date) VALUES (11023,'Dan','Greggs','2017-01-19');
INSERT INTO member (member_no,first_name,last_name,join_date) VALUES (11029,'David','Jones','2017-01-19');
INSERT INTO member (member_no,first_name,last_name,join_date) VALUES (11033,'Mark','James','2017-01-19');
INSERT INTO member (member_no,first_name,last_name,join_date) VALUES (11036,'Tod','Rutherfold','2017-01-19');
INSERT INTO member (member_no,first_name,last_name,join_date) VALUES (11037,'George','Thatcher','2017-01-19');
INSERT INTO member (member_no,first_name,last_name,join_date) VALUES (11038,'Nick','Parsons','2017-01-19');
INSERT INTO member (member_no,first_name,last_name,join_date) VALUES (11048,'George','Blair','2017-01-19');
INSERT INTO member (member_no,first_name,last_name,join_date) VALUES (11049,'Kate','May','2017-01-19');
INSERT INTO member (member_no,first_name,last_name,join_date) VALUES (11057,'Sam','Foulds','2017-01-19');
INSERT INTO member (member_no,first_name,last_name,join_date) VALUES (11058,'Quincy','Edwards','2017-01-19');
INSERT INTO member (member_no,first_name,last_name,join_date) VALUES (11067,'James','Webb','2017-01-19');
INSERT INTO member (member_no,first_name,last_name,join_date) VALUES (11068,'Martha','Berry','2017-01-19');
INSERT INTO member (member_no,first_name,last_name,join_date) VALUES (11069,'Mary','Davids','2017-01-19');
INSERT INTO member (member_no,first_name,last_name,join_date) VALUES (11079,'Dave','Edwards','2017-01-19');
INSERT INTO member (member_no,first_name,last_name,join_date) VALUES (11092,'Lisa','Smith','2017-01-19');
INSERT INTO member (member_no,first_name,last_name,join_date) VALUES (11132,'Josh','Smith','2017-01-19');
INSERT INTO item (item_no,item_name,item_type,number_available) VALUES (1001,'The Man Who Knew Infinity','Film',3);
INSERT INTO item (item_no,item_name,item_type,number_available) VALUES (1002,'The Legend of Tarzan','Film',4);
INSERT INTO item (item_no,item_name,item_type,number_available) VALUES (1003,'Nerve','Film',2);
INSERT INTO item (item_no,item_name,item_type,number_available) VALUES (1010,'I Am Bolt','Film',6);
INSERT INTO item (item_no,item_name,item_type,number_available) VALUES (1012,'The Nice Guys','Film',7);
INSERT INTO item (item_no,item_name,item_type,number_available) VALUES (1015,'The Godfather','Film',4);
INSERT INTO item (item_no,item_name,item_type,number_available) VALUES (1027,'The Bureau Season 1','TV',5);
INSERT INTO item (item_no,item_name,item_type,number_available) VALUES (1028,'The Sellout','Book',8);
INSERT INTO item (item_no,item_name,item_type,number_available) VALUES (1032,'Blackadder','TV',8);
INSERT INTO item (item_no,item_name,item_type,number_available) VALUES (1037,'Game of Thrones Season 6','TV',9);
INSERT INTO item (item_no,item_name,item_type,number_available) VALUES (1042,'Guinness World Records 2017','Book',10);
INSERT INTO item (item_no,item_name,item_type,number_available) VALUES (1078,'The Night Manager','TV',7);
INSERT INTO item (item_no,item_name,item_type,number_available) VALUES (1109,'The Mistletoe Murder and Other Stories','Book',7);
INSERT INTO item (item_no,item_name,item_type,number_available) VALUES (1214,'Elementary','TV',8);
INSERT INTO item (item_no,item_name,item_type,number_available) VALUES (1217,'Million Reasons','Music',8);
INSERT INTO item (item_no,item_name,item_type,number_available) VALUES (1305,'Classic House','Music',6);
INSERT INTO item (item_no,item_name,item_type,number_available) VALUES (1328,'Piano Man','Music',9);
INSERT INTO item (item_no,item_name,item_type,number_available) VALUES (1329,'Bon Jovi Greatest Hits','Music',10);
INSERT INTO item (item_no,item_name,item_type,number_available) VALUES (1338,'Fifa Mobile Football','Game',10);
INSERT INTO item (item_no,item_name,item_type,number_available) VALUES (1342,'Dawn of Titans','Game',10);
INSERT INTO transaction (transaction_no, item_number, member_number, transaction_date) VALUES (000001,1001,11009,'2016-12-01');
INSERT INTO transaction (transaction_no, item_number, member_number, transaction_date) VALUES (000002,1003,11001,'2016-12-02');
INSERT INTO transaction (transaction_no, item_number, member_number, transaction_date) VALUES (000003,1010,11009,'2016-12-02');
INSERT INTO transaction (transaction_no, item_number, member_number, transaction_date) VALUES (000004,1012,11036,'2016-12-03');
INSERT INTO transaction (transaction_no, item_number, member_number, transaction_date) VALUES (000005,1010,11023,'2016-12-03');
INSERT INTO transaction (transaction_no, item_number, member_number, transaction_date) VALUES (000006,1027,11023,'2016-12-03');
INSERT INTO transaction (transaction_no, item_number, member_number, transaction_date) VALUES (000007,1032,11049,'2016-12-03');
INSERT INTO transaction (transaction_no, item_number, member_number, transaction_date) VALUES (000008,1109,11079,'2016-12-05');
INSERT INTO transaction (transaction_no, item_number, member_number, transaction_date) VALUES (000009,1109,11079,'2016-12-05');
INSERT INTO transaction (transaction_no, item_number, member_number, transaction_date) VALUES (000010,1214,11092,'2016-12-05');
